,LINE_SEGMENT,BEG MP,END MP,SPEED,GRADE_TO_NEXT,DIRECTION,DEG OF CURVE,LENGTH (M),ELEV (M)
0,5.0,202.12,201.88,49.0,-0.3,0.0,0.0,386.2416000000146,430.7872138761993
1,5.0,201.88,201.4,49.0,-0.0,0.0,0.0,772.4831999999835,429.6284890761993
2,5.0,201.4,200.29,49.0,0.14,0.0,0.0,1786.367400000022,429.6284890761993
3,5.0,200.29,199.72,49.0,0.15,0.0,0.0,917.323799999989,432.1294034361993
4,5.0,199.72,199.7,49.0,0.09,0.0,0.0,32.18680000001646,433.5053891361993
5,5.0,199.7,199.446,49.0,-0.1,0.0,0.0,408.772359999985,433.5343572561993
6,5.0,199.446,199.42,49.0,-0.1,R,1.00833,41.84284000001683,433.1255848961993
7,5.0,199.42,199.23,49.0,-0.19,R,1.00833,305.7745999999963,433.0837420561993
8,5.0,199.23,198.85,49.0,-0.29,0.0,0.0,611.5491999999927,432.5027703161993
9,5.0,198.85,198.79,49.0,-0.2,0.0,0.0,96.56040000000364,430.7292776361993
10,5.0,198.79,198.72,49.0,-0.09,0.0,0.0,112.65379999998902,430.53615683619927
11,5.0,198.72,198.58,49.0,-0.0,0.0,0.0,225.30759999997804,430.4347684161993
12,5.0,198.58,198.01,49.0,0.1,0.0,0.0,917.3238000000348,430.4347684161993
13,5.0,198.01,197.348,49.0,-0.1,0.0,0.0,1065.383079999964,431.3520922161993
14,5.0,197.348,197.11,49.0,-0.1,R,1.00111,383.02291999999926,430.28670913619936
15,5.0,197.11,196.99,49.0,-0.19,0.0,0.0,193.1208000000073,429.9036862161994
16,5.0,196.99,196.354,49.0,-0.29,0.0,0.0,1023.540239999993,429.53675669619935
17,5.0,196.354,196.35,49.0,-0.29,L,1.00111,6.437360000030737,426.56849000019935
18,5.0,196.35,196.32,49.0,-0.25,L,1.00111,48.28020000000183,426.5498216561992
19,5.0,196.32,196.26,49.0,-0.29,L,1.00111,96.56040000000364,426.4291211561992
20,5.0,196.26,195.75,49.0,-0.19,L,1.00111,820.7633999999853,426.1490959961992
21,5.0,195.75,195.39,49.0,-0.1,0.0,0.0,579.3624000000219,424.5896455361992
22,5.0,195.39,195.2,49.0,-0.2,0.0,0.0,305.7745999999963,424.0102831361992
23,5.0,195.2,193.377,49.0,-0.3,0.0,0.0,2933.826819999966,423.3987339361992
24,5.0,193.377,193.31,49.0,-0.3,R,1.00111,107.8257800000117,414.5972534761993
25,5.0,193.31,193.27,49.0,-0.14,R,1.00111,64.37359999998719,414.2737761361993
26,5.0,193.27,192.66,49.0,-0.0,R,1.00111,981.697400000022,414.1836530961993
27,5.0,192.66,192.26,49.0,-0.24,0.0,0.0,643.7360000000091,414.1836530961993
28,5.0,192.26,191.79,49.0,-0.15,0.0,0.0,756.3897999999981,412.6386866961993
29,5.0,191.79,191.075,49.0,-0.14,0.0,0.0,1150.6781000000055,411.50410199619927
30,5.0,191.075,191.07,49.0,-0.14,L,0.60138,8.046699999992681,409.8931526561993
31,5.0,191.07,191.03,49.0,-0.12,L,0.60138,64.37359999998719,409.8818872761993
32,5.0,191.03,190.65,49.0,-0.1,L,0.60138,611.5491999999927,409.8046389561993
33,5.0,190.65,189.89,49.0,-0.0,0.0,0.0,1223.098400000031,409.1930897561993
34,5.0,189.89,189.7,49.0,0.19,0.0,0.0,305.7745999999963,409.1930897561993
35,5.0,189.7,189.51,49.0,0.1,0.0,0.0,305.7745999999963,409.7740614961993
36,5.0,189.51,189.42,49.0,-0.0,0.0,0.0,144.84060000000548,410.0798360961993
37,5.0,189.42,189.32,49.0,-0.19,0.0,0.0,160.93399999999085,410.0798360961993
38,5.0,189.32,189.097,49.0,-0.3,0.0,0.0,358.8828199999755,409.7740614961993
39,5.0,189.097,188.94,49.0,-0.3,R,1.00138,252.6663800000172,408.69741303619935
40,5.0,188.94,188.75,49.0,-0.0,R,1.00138,305.7745999999963,407.9394138961993
41,5.0,188.75,188.19,49.0,0.2,0.0,0.0,901.2304000000036,407.9394138961993
42,5.0,188.19,188.189,49.0,-0.0,0.0,0.0,1.6093400000076843,409.7418746961993
43,5.0,188.189,188.0,49.0,-0.0,L,1.00194,304.1652599999886,409.7418746961993
44,5.0,188.0,187.81,49.0,-0.19,L,1.00194,305.7745999999963,409.7418746961993
45,5.0,187.81,187.69,49.0,-0.0,L,1.00194,193.1208000000073,409.1609029561993
46,5.0,187.69,187.5,49.0,0.19,0.0,0.0,305.7745999999963,409.1609029561993
47,5.0,187.5,187.32,49.0,0.1,0.0,0.0,289.68120000001096,409.7418746961993
48,5.0,187.32,187.292,49.0,-0.29,0.0,0.0,45.06151999998646,410.03155589619934
49,5.0,187.292,187.12,49.0,-0.29,R,1.36166,276.80647999999525,409.9008774881994
50,5.0,187.12,186.84,49.0,-0.2,R,1.36166,450.6152000000018,409.0981386961994
51,5.0,186.84,186.48,49.0,-0.0,R,1.36166,579.3624000000219,408.19690829619935
52,5.0,186.48,186.2,49.0,0.2,0.0,0.0,450.6152000000018,408.19690829619935
53,5.0,186.2,186.141,49.0,-0.0,0.0,0.0,94.95105999999598,409.0981386961994
54,5.0,186.141,185.91,49.0,-0.0,L,1.00527,371.7575399999912,409.0981386961994
55,5.0,185.91,185.72,49.0,-0.1,L,1.00527,305.7745999999963,409.0981386961994
56,5.0,185.72,185.35,49.0,-0.24,0.0,0.0,595.4558000000073,408.7923640961994
57,5.0,185.35,185.16,49.0,-0.3,0.0,0.0,305.7745999999963,407.36327017619936
58,5.0,185.16,185.06,49.0,-0.19,0.0,0.0,160.93399999999085,406.4459463761994
59,5.0,185.06,184.87,49.0,-0.1,0.0,0.0,305.7745999999963,406.1401717761994
60,5.0,184.87,184.59,49.0,-0.0,0.0,0.0,450.6152000000018,405.8343971761994
61,5.0,184.59,184.563,49.0,-0.24,0.0,0.0,43.45218000002451,405.8343971761994
62,5.0,184.563,184.21,49.0,-0.24,L,1.00083,568.0970199999681,405.73011194419934
63,5.0,184.21,183.92,49.0,-0.2,L,1.00083,466.7086000000329,404.3666790961994
64,5.0,183.92,183.55,49.0,-0.0,0.0,0.0,595.4557999999615,403.4332618961993
65,5.0,183.55,183.51,49.0,-0.1,0.0,0.0,64.37360000003292,403.4332618961993
66,5.0,183.51,183.49,49.0,-0.19,0.0,0.0,32.186799999970724,403.3688882961993
67,5.0,183.49,183.282,49.0,-0.3,0.0,0.0,334.7427199999974,403.3077333761994
68,5.0,183.282,183.26,49.0,-0.3,R,1.45833,35.40548000003184,402.3035052161994
69,5.0,183.26,183.07,49.0,-0.19,R,1.45833,305.7745999999963,402.19728877619934
70,5.0,183.07,182.33,49.0,-0.0,0.0,0.0,1190.9115999999688,401.61631703619935
71,5.0,182.33,182.14,49.0,-0.2,0.0,0.0,305.7746000000421,401.61631703619935
72,5.0,182.14,181.971,49.0,-0.3,0.0,0.0,271.9784599999722,401.0047678361993
73,5.0,181.971,181.95,49.0,-0.3,L,0.505,33.79614000002415,400.18883245619935
74,5.0,181.95,181.64,49.0,-0.27,0.0,0.0,498.8954000000036,400.08744403619926
75,5.0,181.64,181.27,49.0,-0.31,0.0,0.0,595.4557999999615,398.74042645619926
76,5.0,181.27,181.269,49.0,-0.14,0.0,0.0,1.6093400000076843,396.8945134761994
77,5.0,181.269,181.23,49.0,-0.14,L,0.50166,62.764260000025246,396.8922604001994
78,5.0,181.23,181.0,49.0,-0.0,L,0.50166,370.1481999999835,396.80439043619936
79,5.0,181.0,180.62,49.0,-0.19,L,0.50166,611.5491999999927,396.80439043619936
80,5.0,180.62,179.646,49.0,-0.0,L,0.50166,1567.4971600000288,395.64244695619936
81,5.0,180.62,178.54,49.0,-0.0,0.0,0.0,3347.42720000002,395.64244695619936
82,5.0,178.54,178.464,49.0,-0.09,0.0,0.0,122.30983999998938,395.64244695619936
83,5.0,178.464,178.35,49.0,-0.09,R,1.03833,183.4647600000069,395.5323681001994
84,5.0,178.35,177.97,49.0,-0.0,0.0,0.0,611.5491999999927,395.3672498161994
85,5.0,177.97,177.4,49.0,0.1,0.0,0.0,917.323799999989,395.3672498161994
86,5.0,177.4,177.31,49.0,-0.0,0.0,0.0,144.84060000000548,396.28457361619934
87,5.0,177.31,176.83,49.0,-0.29,0.0,0.0,772.4831999999835,396.28457361619934
88,5.0,176.83,176.829,49.0,-0.2,0.0,0.0,1.6093400000076843,394.0443723361994
89,5.0,176.829,176.64,49.0,-0.2,R,1.0,304.1652600000344,394.04115365619936
90,5.0,176.64,176.55,49.0,-0.09,R,1.0,144.84059999995975,393.43282313619926
91,5.0,176.55,175.22,49.0,-0.0,0.0,0.0,2140.42220000002,393.3024665961993
92,5.0,175.22,175.2,49.0,0.1,0.0,0.0,32.18680000001646,393.3024665961993
93,5.0,175.2,174.218,49.0,0.14,0.0,0.0,1580.3718799999988,393.3346533961993
94,5.0,174.218,174.2,49.0,0.14,L,0.99611,28.968120000001097,395.5471740281993
95,5.0,174.2,173.44,49.0,0.1,L,0.99611,1223.0983999999853,395.58772939619934
96,5.0,173.44,173.05,49.0,-0.0,0.0,0.0,627.642599999978,396.8108277961993
97,5.0,173.05,172.73,49.0,-0.23,0.0,0.0,514.9888000000348,396.8108277961993
98,5.0,172.73,171.68,49.0,-0.0,0.0,0.0,1689.8069999999725,395.6263535561992
99,5.0,171.68,170.74,49.0,-0.2,0.0,0.0,1512.7795999999962,395.6263535561992
100,5.0,170.74,170.55,49.0,-0.24,0.0,0.0,305.7745999999963,392.6007943561992
101,5.0,170.55,169.191,49.0,-0.3,0.0,0.0,2187.0930600000142,391.86693531619926
102,5.0,169.191,169.17,49.0,-0.3,R,0.5,33.79614000002415,385.3056561361992
103,5.0,169.17,168.19,49.0,-0.27,R,0.5,1577.1531999999834,385.2042677161991
104,5.0,168.19,167.24,49.0,-0.3,0.0,0.0,1528.8729999999816,380.9459540761992
105,5.0,167.24,166.515,49.0,-0.29,0.0,0.0,1166.7715000000364,376.3593350761992
106,5.0,166.515,166.5,49.0,-0.29,L,0.5,24.140099999978045,372.9756977261991
107,5.0,166.5,166.12,49.0,-0.27,L,0.5,611.5491999999927,372.9056914361992
108,5.0,166.12,165.38,49.0,-0.3,0.0,0.0,1190.9116000000147,371.2545085961992
109,5.0,165.38,165.16,49.0,-0.19,0.0,0.0,354.0547999999981,367.6817737961992
110,5.0,165.16,164.59,49.0,-0.15,0.0,0.0,917.323799999989,367.0090696761992
111,5.0,164.59,164.3,49.0,-0.1,0.0,0.0,466.7085999999872,365.6330839761992
112,5.0,164.3,163.83,49.0,-0.15,0.0,0.0,756.3897999999981,365.1663753761992
113,5.0,163.83,163.69,49.0,-0.18,0.0,0.0,225.30760000002377,364.0317906761992
114,5.0,163.69,163.55,49.0,-0.1,0.0,0.0,225.30759999997804,363.6262369961991
115,5.0,163.55,162.5,49.0,-0.0,0.0,0.0,1689.8070000000182,363.4009293961992
116,5.0,162.5,162.425,49.0,0.19,0.0,0.0,120.7004999999817,363.4009293961992
117,5.0,162.425,162.31,49.0,0.19,L,0.50333,185.07410000001465,363.6302603461991
118,5.0,162.31,162.12,49.0,-0.0,L,0.50333,305.7745999999963,363.9819011361992
119,5.0,162.12,161.75,49.0,-0.19,0.0,0.0,595.4558000000073,363.9819011361992
120,5.0,161.75,161.56,49.0,-0.2,0.0,0.0,305.7745999999963,362.8505351161991
121,5.0,161.56,160.8,49.0,-0.0,0.0,0.0,1223.0983999999853,362.2389859161991
122,5.0,160.8,160.713,49.0,-0.0,0.0,0.0,140.01258000002818,362.2389859161991
123,5.0,160.713,160.61,49.0,-0.0,L,0.905,165.76201999996815,362.2389859161991
124,5.0,160.61,160.04,49.0,-0.2,0.0,0.0,917.3238000000348,362.2389859161991
125,5.0,160.04,158.72,49.0,-0.01,0.0,0.0,2124.328799999989,360.404338316199
126,5.0,158.72,157.3,49.0,-0.1,0.0,0.0,2285.26279999998,360.191905436199
127,5.0,157.3,157.25,49.0,-0.08,0.0,0.0,80.46700000001829,357.906642636199
128,5.0,157.25,157.15,49.0,-0.1,0.0,0.0,160.93399999999085,357.842269036199
129,5.0,157.15,156.12,49.0,-0.1,R,0.83083,1657.6202000000017,357.681335036199
130,5.0,156.12,155.92,49.0,-0.12,R,0.83083,321.86800000002745,356.023714836199
131,5.0,155.92,155.55,49.0,-0.19,R,0.83083,595.4557999999615,355.637473236199
132,5.0,155.55,155.36,49.0,-0.0,0.0,0.0,305.7745999999963,354.5061072161991
133,5.0,155.36,155.0,49.0,0.1,0.0,0.0,579.3624000000219,354.5061072161991
134,5.0,155.0,154.98,49.0,-0.0,0.0,0.0,32.18680000001646,355.08546961619913
135,5.0,154.98,154.96,49.0,-0.1,0.0,0.0,32.186799999970724,355.08546961619913
136,5.0,154.96,153.84,49.0,-0.2,0.0,0.0,1802.460800000008,355.0532828161992
137,5.0,153.84,153.46,49.0,-0.24,0.0,0.0,611.5491999999927,351.44836121619915
138,5.0,153.46,153.27,49.0,-0.3,0.0,0.0,305.7745999999963,349.98064313619915
139,5.0,153.27,152.9,49.0,-0.19,0.0,0.0,595.4558000000073,349.0633193361992
140,5.0,152.9,152.71,49.0,-0.0,0.0,0.0,305.7745999999963,347.9319533161992
141,5.0,152.71,152.52,49.0,-0.19,0.0,0.0,305.7745999999963,347.9319533161992
142,5.0,152.52,152.18,49.0,-0.29,0.0,0.0,547.1756000000055,347.3509815761992
143,5.0,152.18,152.13,49.0,-0.22,0.0,0.0,80.46700000001829,345.7641723361991
144,5.0,152.13,152.11,49.0,-0.22,L,1.00583,32.186799999970724,345.5871449361991
145,5.0,152.11,151.96,49.0,-0.18,L,1.00583,241.4010000000092,345.5163339761991
146,5.0,151.96,151.92,49.0,-0.05,L,1.00583,64.37360000003292,345.0818121761991
147,5.0,151.92,151.67,49.0,0.1,L,1.00583,402.335,345.04962537619906
148,5.0,151.67,151.371,49.0,0.14,0.0,0.0,481.19265999996486,345.45196037619905
149,5.0,151.371,151.32,49.0,0.14,L,0.71,82.07634000002598,346.12563010019903
150,5.0,151.32,151.11,49.0,0.09,L,0.71,337.96139999996706,346.24053697619905
151,5.0,151.11,150.84,49.0,0.15,0.0,0.0,434.52180000001647,346.54470223619904
152,5.0,150.84,150.58,49.0,-0.0,0.0,0.0,418.4283999999853,347.19648493619906
153,5.0,150.58,150.56,49.0,-0.2,0.0,0.0,32.18680000001646,347.19648493619906
154,5.0,150.56,149.851,49.0,-0.29,0.0,0.0,1141.022060000005,347.13211133619905
155,5.0,149.851,149.84,49.0,-0.29,R,1.50583,17.702739999993046,343.82314736219905
156,5.0,149.84,149.5,49.0,-0.25,R,1.50583,547.1756000000055,343.77180941619906
157,5.0,149.5,149.48,49.0,-0.19,R,1.50583,32.18680000001646,342.403870416199
158,5.0,149.48,148.83,49.0,-0.14,0.0,0.0,1046.0709999999633,342.342715496199
159,5.0,148.83,148.818,49.0,-0.1,0.0,0.0,19.31208000000073,340.878216096199
160,5.0,148.818,148.8,49.0,-0.1,L,2.16222,28.968120000001097,340.858904016199
161,5.0,148.8,148.57,49.0,-0.0,0.0,0.0,370.1482000000293,340.829935896199
162,5.0,148.57,147.81,49.0,0.07,0.0,0.0,1223.0983999999853,340.829935896199
163,5.0,147.81,145.783,49.0,0.14,0.0,0.0,3262.132180000024,341.686104776199
164,5.0,145.783,145.77,49.0,0.14,L,1.0,20.92141999996268,346.253089828199
165,5.0,145.77,145.37,49.0,0.1,L,1.0,643.7360000000091,346.2823798161989
166,5.0,145.37,144.701,49.0,0.15,0.0,0.0,1076.6484600000178,346.92611581619894
167,5.0,144.701,144.69,49.0,0.15,L,0.50333,17.702739999993046,348.54108850619895
168,5.0,144.69,144.44,49.0,0.1,L,0.50333,402.335,348.5676426161989
169,5.0,144.44,144.4,49.0,-0.0,L,0.50333,64.37359999998719,348.96997761619895
170,5.0,144.4,144.37,49.0,-0.09,L,0.50333,48.28020000000183,348.96997761619895
171,5.0,144.37,144.31,49.0,-0.19,L,0.50333,96.56040000000364,348.926525436199
172,5.0,144.31,143.305,49.0,-0.29,0.0,0.0,1617.3866999999923,348.743060676199
173,5.0,143.305,143.29,49.0,-0.29,L,1.13,24.140100000023786,344.052639246199
174,5.0,143.29,143.17,49.0,-0.25,L,1.13,193.1208000000073,343.9826329561989
175,5.0,143.17,142.419,49.0,-0.29,0.0,0.0,1208.614339999962,343.49983095619893
176,5.0,142.419,142.4,49.0,-0.29,L,1.00194,30.57746000000878,339.99484937019906
177,5.0,142.4,141.87,49.0,-0.25,L,1.00194,852.9502000000018,339.90617473619903
178,5.0,141.87,140.886,49.0,-0.3,0.0,0.0,1583.5905600000142,337.773799236199
179,5.0,140.886,140.86,49.0,-0.3,R,1.50138,41.84283999997109,333.023027556199
180,5.0,140.86,140.15,49.0,-0.22,R,1.50138,1142.6314000000127,332.89749903619906
181,5.0,140.15,140.067,49.0,-0.29,0.0,0.0,133.57521999999744,330.383709956199
182,5.0,140.067,140.04,49.0,-0.29,L,1.50166,43.45218000002451,329.996341818199
183,5.0,140.04,139.3,49.0,-0.22,L,1.50166,1190.9115999999688,329.87033049619896
184,5.0,139.3,137.152,49.0,-0.3,0.0,0.0,3456.86232000004,327.250324976199
185,5.0,137.152,137.14,49.0,-0.3,L,1.01333,19.31208000000073,316.87973801619887
186,5.0,137.14,136.97,49.0,-0.25,L,1.01333,273.58779999997984,316.82180177619887
187,5.0,136.97,136.037,49.0,-0.28,0.0,0.0,1501.5142199999882,316.13783227619894
188,5.0,136.037,136.01,49.0,-0.28,L,1.01,43.45218000002451,311.9335924601989
189,5.0,136.01,135.97,49.0,-0.14,L,1.01,64.37359999998719,311.8119263561989
190,5.0,135.97,135.91,49.0,-0.23,L,1.01,96.56040000000364,311.72180331619893
191,5.0,135.91,135.87,49.0,-0.4,L,1.01,64.37359999998719,311.4997143961989
192,5.0,135.87,135.82,49.0,-0.49,L,1.01,80.46700000001829,311.24221999619897
193,5.0,135.82,135.8,49.0,-0.3,L,1.01,32.186799999970724,310.8479316961989
194,5.0,135.8,135.68,49.0,-0.24,L,1.01,193.1208000000073,310.7513712961989
195,5.0,135.68,135.27,49.0,-0.3,0.0,0.0,659.8293999999945,310.2878813761989
196,5.0,135.27,134.257,50.0,-0.19,0.0,0.0,1630.2614200000082,308.30839317619893
197,5.0,134.257,133.94,50.0,-0.19,R,1.16,510.1607800000117,305.2108964781989
198,5.0,133.94,133.28,50.0,-0.24,R,1.16,1062.1643999999944,304.24159099619885
199,5.0,133.28,133.04,50.0,-0.7,0.0,0.0,386.2416000000146,301.69239643619886
200,5.0,133.04,132.94,50.0,-0.0,0.0,0.0,160.93399999999085,298.9887052361988
201,5.0,132.94,132.71,50.0,-0.52,0.0,0.0,370.1481999999835,298.9887052361988
202,5.0,132.71,132.66,50.0,-0.0,0.0,0.0,80.46700000001829,297.06393459619886
203,5.0,132.66,132.33,50.0,-0.0,0.0,0.0,531.0821999999744,297.06393459619886
204,5.0,132.33,132.23,50.0,0.33,0.0,0.0,160.93400000003658,297.06393459619886
205,5.0,132.23,132.03,50.0,-0.0,0.0,0.0,321.8679999999817,297.595016796199
206,5.0,132.03,131.99,50.0,-0.4,0.0,0.0,64.37359999998719,297.595016796199
207,5.0,131.99,131.9,50.0,-0.0,0.0,0.0,144.84060000000548,297.33752239619906
208,5.0,131.9,131.78,50.0,-0.49,0.0,0.0,193.1208000000073,297.33752239619906
209,5.0,131.78,131.56,50.0,-0.71,0.0,0.0,354.0547999999981,296.39123047619904
210,5.0,131.56,129.35,50.0,-0.0,0.0,0.0,3556.6414000000127,293.87744139619906
211,5.0,129.35,128.83,50.0,0.46,0.0,0.0,836.8567999999707,293.87744139619906
212,5.0,128.83,128.24,50.0,-0.0,0.0,0.0,949.5106000000054,297.72698267619893
213,5.0,128.24,127.837,50.0,0.79,0.0,0.0,648.5640200000094,297.72698267619893
214,5.0,127.837,127.83,50.0,0.79,R,1.0,11.265380000008047,302.850638434199
215,5.0,127.83,127.69,50.0,0.75,0.0,0.0,225.3076000000009,302.93963493619907
216,5.0,127.69,127.467,50.0,0.79,0.0,0.0,358.88281999999833,304.6294419361991
217,5.0,127.467,127.45,50.0,0.79,L,4.26833,27.358779999993413,307.4646162141991
218,5.0,127.45,127.29,50.0,0.61,L,4.26833,257.49439999999447,307.68075057619905
219,5.0,127.29,127.07,50.0,0.74,0.0,0.0,354.05480000002103,309.25146641619904
220,5.0,127.07,127.03,50.0,0.49,0.0,0.0,64.37359999998719,311.8714719361992
221,5.0,126.97,126.94,50.0,-0.49,0.0,0.0,48.28020000000183,312.18690257619915
222,5.0,126.94,126.855,50.0,-0.79,0.0,0.0,136.79389999998992,311.95032959619914
223,5.0,126.855,126.82,50.0,-0.79,R,4.52083,56.32690000001738,310.86965778619924
224,5.0,126.82,126.41,50.0,-0.59,R,4.52083,659.8293999999945,310.4246752761991
225,5.0,126.41,126.246,50.0,-0.72,0.0,0.0,263.9317600000024,306.5316818161991
226,5.0,126.246,126.22,50.0,-0.72,L,1.50666,41.84283999999396,304.6313731441992
227,5.0,126.22,125.78,50.0,-0.72,L,1.50666,708.1095999999962,304.3301046961992
228,5.0,125.78,125.74,50.0,-0.4,L,1.50666,64.37360000001006,299.2317155761992
229,5.0,125.74,125.69,50.0,-0.23,L,1.50666,80.46699999999542,298.97422117619914
230,5.0,125.69,125.67,50.0,-0.3,L,1.50666,32.1867999999936,298.7891470761992
231,5.0,125.67,125.55,50.0,-0.48,L,1.50666,193.1208000000073,298.69258667619914
232,5.0,125.55,125.53,50.0,-0.49,L,1.50666,32.1867999999936,297.7656068361991
233,5.0,125.53,125.38,50.0,-0.59,L,1.50666,241.4010000000092,297.6078915161991
234,5.0,125.38,125.35,50.0,-0.45,L,1.50666,48.28020000000183,296.18362561619904
235,5.0,125.35,125.27,50.0,-0.29,L,1.50666,128.74719999999724,295.96636471619905
236,5.0,125.27,124.7,50.0,-0.0,0.0,0.0,917.323799999989,295.59299783619906
237,5.0,124.7,124.407,50.0,-0.19,0.0,0.0,471.5366200000102,295.59299783619906
238,5.0,124.407,124.32,50.0,-0.19,L,2.08,140.0125800000053,294.69707825819904
239,5.0,124.32,124.134,50.0,-0.0,0.0,0.0,299.33723999998847,294.431054356199
240,5.0,124.134,123.89,50.0,-0.0,R,3.14333,392.6789599999996,294.431054356199
241,5.0,123.89,123.56,50.0,0.23,0.0,0.0,531.0821999999972,294.431054356199
242,5.0,123.56,123.29,50.0,-0.0,0.0,0.0,434.5217999999936,295.652543416199
243,5.0,123.29,123.11,50.0,-0.0,R,0.99,289.68120000001096,295.652543416199
244,5.0,123.11,122.71,50.0,0.66,0.0,0.0,643.7360000000091,295.652543416199
245,5.0,122.71,122.57,50.0,0.14,0.0,0.0,225.3076000000009,299.9012010161991
246,5.0,122.57,122.46,50.0,-0.0,0.0,0.0,177.02739999999906,300.21663165619907
247,5.0,122.46,122.29,50.0,-0.44,0.0,0.0,273.58779999997984,300.21663165619907
248,5.0,122.29,121.93,50.0,-0.59,0.0,0.0,579.3623999999991,299.0128453361992
249,5.0,121.93,121.68,50.0,-0.4,0.0,0.0,402.335,295.5946071761992
250,5.0,121.68,121.36,50.0,-0.0,0.0,0.0,514.9888000000119,293.9852671761992
251,5.0,121.36,121.176,50.0,0.8,0.0,0.0,296.118559999996,293.9852671761992
252,5.0,121.176,121.15,50.0,0.8,R,1.01111,41.84283999999396,296.3542156561992
253,5.0,121.15,120.93,50.0,0.75,R,1.01111,354.0547999999981,296.68895837619914
254,5.0,120.93,120.32,50.0,0.8,0.0,0.0,981.697400000022,299.3443693761991
255,5.0,120.32,120.3,50.0,0.8,R,2.04333,32.1867999999936,307.1979485761993
256,5.0,120.3,120.04,50.0,0.69,R,2.04333,418.4283999999853,307.4554429761992
257,5.0,120.04,119.88,50.0,0.8,0.0,0.0,257.4944000000174,310.3425989361991
258,5.0,119.88,119.826,50.0,0.4,0.0,0.0,86.9043600000033,312.4025541361993
259,5.0,119.826,119.81,50.0,0.4,L,1.32333,25.74943999998573,312.7501715761993
260,5.0,119.81,119.74,50.0,-0.0,L,1.32333,112.65380000001188,312.85316933619924
261,5.0,119.74,119.13,50.0,-0.56,L,1.32333,981.697399999999,312.85316933619924
262,5.0,119.13,118.78,50.0,-0.35,L,1.32333,563.2689999999908,307.35566389619925
263,5.0,118.78,118.59,50.0,-1.22,0.0,0.0,305.7745999999963,305.3842223961993
264,5.0,118.59,118.502,50.0,-0.33,0.0,0.0,141.62192000001298,301.65377227619933
265,5.0,118.502,118.12,50.0,-0.33,R,2.0,614.7678799999851,301.1864199401993
266,5.0,118.12,117.756,50.0,-0.79,0.0,0.0,585.7997600000069,299.15768593619936
267,5.0,117.756,117.75,50.0,-0.79,L,2.0,9.656040000000363,294.52986783219933
268,5.0,117.75,117.09,50.0,-0.62,0.0,0.0,1062.1643999999944,294.4535851161993
269,5.0,117.09,116.641,50.0,-0.92,0.0,0.0,722.5936599999968,287.8681658361994
270,5.0,116.641,116.63,50.0,-0.92,R,1.0,17.70274000001592,281.22030416419943
271,5.0,116.63,116.33,50.0,-0.75,0.0,0.0,482.8019999999954,281.0574389561993
272,5.0,116.33,115.607,50.0,-0.8,0.0,0.0,1163.5528199999983,277.4364239561993
273,5.0,115.607,115.6,50.0,-0.8,R,1.49472,11.265380000008047,268.1280013961993
274,5.0,115.6,115.12,50.0,-0.72,0.0,0.0,772.4831999999835,268.0378783561993
275,5.0,115.12,114.762,50.0,-0.78,0.0,0.0,576.1437200000065,262.4759993161994
276,5.0,114.762,114.73,50.0,-0.78,R,4.08,51.49887999999432,257.98207830019936
277,5.0,114.73,114.48,50.0,-0.6,R,4.08,402.335,257.5803870361994
278,5.0,114.48,114.354,50.0,-0.78,0.0,0.0,202.77684000000767,255.1663770361994
279,5.0,114.354,114.31,50.0,-0.78,L,3.91388,70.81095999999506,253.5847176841993
280,5.0,114.31,114.21,50.0,-0.3,L,3.91388,160.93400000001373,253.0323921961994
281,5.0,114.21,114.076,50.0,-0.0,L,3.91388,215.65156000000053,252.5495901961993
282,5.0,114.076,113.911,50.0,-0.0,R,1.05,265.5410999999872,252.5495901961993
283,5.0,113.911,113.663,50.0,-0.0,L,3.03555,399.1163200000075,252.5495901961993
284,5.0,113.663,113.34,50.0,-0.0,L,3.11,519.8168199999892,252.5495901961993
285,5.0,114.21,113.137,50.0,-0.0,0.0,0.0,1726.8218199999892,252.5495901961993
286,5.0,113.137,112.9,50.0,-0.0,L,2.06,381.4135799999916,252.5495901961993
287,5.0,112.9,112.62,50.0,-0.73,0.0,0.0,450.6152000000018,252.5495901961993
288,5.0,112.62,112.61,50.0,-0.73,R,3.0,16.09340000000823,249.26009923619927
289,5.0,112.61,112.29,50.0,-0.19,R,3.0,514.9887999999889,249.14261741619927
290,5.0,112.29,111.992,50.0,-0.7,0.0,0.0,479.5833200000029,248.1641386961993
291,5.0,111.992,111.99,50.0,-0.7,L,2.35833,3.2186800000153686,244.8070554561993
292,5.0,111.99,111.86,50.0,-0.49,L,2.35833,209.21419999999267,244.7845246961992
293,5.0,111.86,111.17,35.0,-0.0,0.0,0.0,1110.4445999999962,243.7593751161992
294,5.0,111.17,110.93,35.0,-0.0,L,2.0,386.24159999999176,243.7593751161992
295,5.0,110.93,110.78,35.0,0.62,L,2.0,241.4010000000092,243.7593751161992
296,5.0,110.78,110.59,35.0,-0.0,0.0,0.0,305.7745999999963,245.2560613161993
297,5.0,110.59,109.6,35.0,-0.31,0.0,0.0,1593.2466000000145,245.2560613161993
298,5.0,110.21,109.47,35.0,-0.2,0.0,0.0,1190.9115999999915,240.3169968561992
299,5.0,109.47,109.41,35.0,-0.35,0.0,0.0,96.56040000000364,237.93517365619925
300,5.0,109.41,109.2,35.0,-0.35,L,4.5,337.9613999999899,237.5972122561992
301,5.0,109.2,109.149,35.0,-0.0,0.0,0.0,82.0763400000031,236.41434735619924
302,5.0,109.149,108.94,35.0,-0.0,R,4.0,336.3520600000051,236.41434735619924
303,5.0,108.94,108.61,35.0,-0.15,R,4.0,531.0821999999972,236.41434735619924
304,5.0,108.61,108.56,35.0,-0.0,R,4.0,80.46699999999542,235.61772405619925
305,5.0,108.56,108.17,35.0,-0.0,L,5.0,627.6426000000009,235.61772405619925
306,5.0,108.17,107.82,35.0,-0.0,R,5.0,563.2690000000136,235.61772405619925
307,5.0,107.82,107.49,35.0,-0.0,L,3.0,531.0821999999972,235.61772405619925
308,5.0,108.61,107.24,35.0,-0.17,0.0,0.0,2204.795800000007,235.61772405619925
309,5.0,107.25,106.913,35.0,-0.0,0.0,0.0,542.3475800000052,231.86957119619925
310,5.0,106.913,106.563,35.0,-0.0,L,2.93,563.2689999999908,231.86957119619925
311,5.0,106.563,106.401,35.0,-0.0,L,2.05,260.7130800000099,231.86957119619925
312,5.0,106.401,105.905,35.0,-0.0,L,3.31833,798.2326399999921,231.86957119619925
313,5.0,105.905,105.688,35.0,-0.0,R,4.16,349.226779999998,231.86957119619925
314,5.0,105.688,105.348,35.0,-0.0,L,2.50833,547.1756000000055,231.86957119619925
315,5.0,105.348,105.128,35.0,-0.0,L,2.93,354.0547999999981,231.86957119619925
316,5.0,105.128,104.955,35.0,-0.0,R,1.5,278.4158200000029,231.86957119619925
317,5.0,104.955,104.803,35.0,-0.0,L,2.1,244.61968000000164,231.86957119619925
318,5.0,104.803,104.617,35.0,-0.0,L,2.1,299.33723999998847,231.86957119619925
319,5.0,106.99,104.252,35.0,-0.15,0.0,0.0,4406.372919999999,231.86957119619925
320,5.0,104.252,104.23,35.0,-0.15,R,1.08333,35.40547999998609,225.26001181619924
321,5.0,104.23,103.731,35.0,-0.0,R,1.08333,803.0606600000151,225.20690359619925
322,5.0,103.731,103.543,35.0,-0.0,R,1.55,302.555919999981,225.20690359619925
323,5.0,104.23,103.2,35.0,-0.0,0.0,0.0,1657.6202000000017,225.20690359619925
324,5.0,103.2,103.18,35.0,0.1,0.0,0.0,32.1867999999936,225.20690359619925
325,5.0,103.18,103.167,35.0,0.02,0.0,0.0,20.92142000000841,225.2390903961993
326,5.0,103.167,102.43,35.0,0.02,L,2.45833,1186.0835799999916,225.24327468019925
327,5.0,102.43,102.198,35.0,0.15,0.0,0.0,373.36688000002175,225.48049139619928
328,5.0,102.198,102.16,35.0,0.15,R,2.00333,61.15491999999469,226.0405417161993
329,5.0,102.16,101.71,35.0,0.05,0.0,0.0,724.2030000000045,226.1322740961993
330,5.0,101.71,101.33,35.0,0.09,0.0,0.0,611.5491999999927,226.4943755961993
331,5.0,101.33,101.163,35.0,0.14,0.0,0.0,268.75978000000254,227.0447698761993
332,5.0,101.163,101.14,35.0,0.14,R,2.0,37.014819999993776,227.4210335681993
333,5.0,101.14,101.12,35.0,0.1,R,2.0,32.1867999999936,227.4728543161993
334,5.0,101.12,100.89,35.0,-0.0,R,2.0,370.1482000000064,227.5050411161993
335,5.0,100.89,100.14,35.0,-0.2,0.0,0.0,1207.005,227.5050411161993
336,5.0,100.14,100.005,35.0,-0.0,0.0,0.0,217.26090000000823,225.0910311161993
337,5.0,100.005,99.98,35.0,-0.0,L,2.0,40.23349999998628,225.0910311161993
338,5.0,99.98,99.45,35.0,0.04,0.0,0.0,852.9502000000018,225.0910311161993
339,5.0,99.45,99.265,35.0,0.14,0.0,0.0,297.7279000000037,225.4322111961993
340,5.0,99.265,99.26,35.0,0.14,R,1.5,8.046699999992681,225.84903025619928
341,5.0,99.26,98.81,35.0,-0.22,R,1.5,724.2030000000045,225.86029563619928
342,5.0,98.81,98.34,35.0,-0.29,0.0,0.0,756.3897999999981,224.26704903619927
343,5.0,98.34,97.484,35.0,-0.19,0.0,0.0,1377.595040000014,222.07351861619927
344,5.0,97.484,97.39,35.0,-0.19,R,2.0,151.2779599999905,219.45608804019923
345,5.0,97.39,96.52,35.0,-0.29,0.0,0.0,1400.1258000000073,219.1686599161993
346,5.0,96.52,96.51,35.0,-0.29,L,1.33333,16.093399999985362,215.10829509619924
347,5.0,96.51,95.86,35.0,-0.61,L,1.33333,1046.071000000009,215.0616242361993
348,5.0,95.86,95.56,35.0,-0.64,0.0,0.0,482.8019999999954,208.68059113619924
349,5.0,95.56,95.48,35.0,-0.64,R,3.0,128.74719999999724,205.59065833619928
350,5.0,95.48,95.4,35.0,-0.53,0.0,0.0,128.74719999999724,204.7666762561993
351,5.0,95.4,95.32,35.0,-0.55,0.0,0.0,128.74720000002011,204.08431609619933
352,5.0,95.33,95.19,35.0,-0.53,0.0,0.0,225.3076000000009,203.3762064961992
